{
    "type": "minecraft:entity",
    "pools": [
        
      {
        "rolls": 1,
        "entries": [
          {
            "type": "minecraft:item",
            "weight": 1,
            "name": "minecraft:air"
          },
          {
            "type": "minecraft:loot_table",
            "value": "spellbound_weapons:item/cursed_sea_blade",
            "weight": 1,
            "conditions": [
              
              {
                "condition": "minecraft:reference",
                "name": "spellbound_weapons:weapons_achieveable"
              }
            ],
            "functions": [
              {
                "function": "minecraft:set_enchantments",
                "enchantments": {
                  "sharpness": 1
                }
              }
            ]
          }
        ]
      },
      {
        "rolls": 1,
        "bonus_rolls": 0,
        "entries": [
          {
            "type": "minecraft:item",
            "name": "minecraft:prismarine_shard",
            "functions": [
              {
                "function": "minecraft:set_count",
                "count": {
                  "type": "minecraft:uniform",
                  "min": 0,
                  "max": 2
                },
                "add": false
              },
              {
                "function": "minecraft:enchanted_count_increase",
                "enchantment": "minecraft:looting",
                "count": {
                  "type": "minecraft:uniform",
                  "min": 0,
                  "max": 1
                }
              }
            ]
          }
        ]
      },
      {
        "rolls": 1,
        "bonus_rolls": 0,
        "entries": [
          {
            "type": "minecraft:item",
            "weight": 3,
            "name": "minecraft:cod",
            "functions": [
              
              {
                "function": "minecraft:enchanted_count_increase",
                "enchantment": "minecraft:looting",
                "count": {
                  "type": "minecraft:uniform",
                  "min": 0,
                  "max": 1
                }
              },
              {
                "function": "minecraft:furnace_smelt",
                "conditions": [
                  {
                    "condition": "minecraft:entity_properties",
                    "entity": "this",
                    "predicate": {
                      "flags": {
                        "is_on_fire": true
                      }
                    }
                  }
                ]
              }
            ]
          },
          {
            "type": "minecraft:item",
            "weight": 2,
            "name": "minecraft:prismarine_crystals",
            "functions": [
             
              {
                "function": "minecraft:enchanted_count_increase",
                "enchantment": "minecraft:looting",
                "count": {
                  "type": "minecraft:uniform",
                  "min": 0,
                  "max": 1
                }
              }
            ]
          },
          {
            "type": "minecraft:empty"
          }
        ]
      },
      {
        "rolls": 1,
        "bonus_rolls": 0,
        "entries": [
          {
            "type": "minecraft:item",
            "name": "minecraft:wet_sponge"
          }
        ],
        "conditions": [
          {
            "condition": "minecraft:killed_by_player"
          }
        ]
      },
      {
        "rolls": 1,
        "bonus_rolls": 0,
        "entries": [
          {
            "type": "minecraft:loot_table",
            "value": "minecraft:gameplay/fishing/fish",
            "functions": [
              {
                "function": "minecraft:furnace_smelt",
                "conditions": [
                  {
                    "condition": "minecraft:entity_properties",
                    "entity": "this",
                    "predicate": {
                      "flags": {
                        "is_on_fire": true
                      }
                    }
                  }
                ]
              }
            ]
          }
        ],
        "conditions": [
          {
            "condition": "minecraft:killed_by_player"
          },
          {
            "condition": "minecraft:random_chance_with_enchanted_bonus",
            "enchantment": "minecraft:looting",
            "unenchanted_chance": 0.025,
            "enchanted_chance": {
              "type": "minecraft:linear",
              "base": 0.035,
              "per_level_above_first": 0.01
            }
          }
        ]
      },
      {
        "rolls": 1,
        "bonus_rolls": 0,
        "entries": [
          {
            "type": "minecraft:empty",
            "weight": 4
          },
          {
            "type": "minecraft:item",
            "name": "minecraft:tide_armor_trim_smithing_template"
          }
        ]
      }
    ]
  }
  