{
    "pools": [
      {
        "rolls": 1,
        "entries": [
          {
            "type": "minecraft:item",
            "name": "minecraft:stick",
            "functions": [
              {
                "function": "minecraft:set_components",
                "components": {

                  "custom_model_data": {
                                  "floats": [47044]},
                  "rarity": "uncommon",

                  "custom_data": {
                    "SpellboundBrokenCrucible": 1
                  },
                
                 "attribute_modifiers": [],
 "item_name": {"translate":"Broken Crucible","italic":false},
 "custom_name": {"translate":"Broken Crucible","italic":false},

 "lore": [ [{"translate":"The remnants of an ancient, powerful sword","color":"gray","italic": false}],[{"text":""}],[{"translate":"Restoration:","color":"gray","italic": false}],[{"translate":"  Restore it by dropping it on top of a crafting","color":"blue","italic": false}],[{"translate":"  table block with a wither skeleton skull","color":"blue","italic": false}],[{"translate":"  + netherite ingot + redstone block to","color":"blue","italic": false}],[{"translate":"  restore it into a Crucible sword","color":"blue","italic": false}],[{"text":""}],[{"translate":"Spellbound Weapons","color":"#676e75","italic": true}]]
                  

                 
                }
              }
            ]
          }
        ]
      }
    ]
  }
  