{
    "pools": [
      {
        "rolls": 1,
        "entries": [
          {
            "type": "minecraft:item",
            "name": "minecraft:diamond_sword",
            "functions": [
              {
                "function": "minecraft:set_components",
                "components": {

                  "custom_model_data": {
                                  "floats": [47042]},
                  "damage_resistant": {
                    "types": "#is_fire"
                  },
                  "enchantment_glint_override": true,

                  "custom_data": {
                    "SpellboundItem": 1,
                    "SpellboundCrucible": 1,
                    "CrucibleDye": 1
                  },
                
                 "attribute_modifiers": [],
 "item_name": {"translate":"Crucible","color":"#EB3868","italic":false},
 "custom_name": {"translate":"Crucible","color":"#EB3868","italic":false},

                  "lore": [ [{"translate":"Color: Red","color":"gray","italic":false}],[ {"translate":"Grindstone Repair: ","color":"gray","italic": false}],[{"translate":"  ","color":"gray","italic": false},{"color":"blue","italic": false,"translate":"item.minecraft.diamond_sword"}],{"translate":"Spellbound Weapons","color":"#676e75","italic": true}]
                  

                 
                }
              }
            ]
          }
        ]
      }
    ]
  }
  