{
  "pools": [
    {
      "rolls": 1,
      "entries": [
        {
          "type": "minecraft:item",
          "name": "minecraft:fishing_rod",
          "functions": [
            {
              "function": "minecraft:set_components",
              "components": {

                "custom_model_data": {
                  "floats": [47011]},

                "custom_data": {
                  "SpellboundItem": 1,
                  "SpellboundIceStaff": 1
                  
                },
              
                "max_damage": 250,

               "attribute_modifiers": [],
 "item_name": {"translate":"Ice Staff","color":"#1c99ff","italic":false},
 "custom_name": {"translate":"Ice Staff","color":"#1c99ff","italic":false},

                "lore": [ [{"translate":"Grindstone Repair: ","color":"gray","italic": false}],[{"translate":"  ","color":"gray","italic": false},{"color":"blue","italic": false,"translate":"item.minecraft.fishing_rod"}],{"translate":"Spellbound Weapons","color":"#676e75","italic": true}]
                

               
              }
            }
          ]
        }
      ]
    }
  ]
}
