{
  "pools": [
    {
      "rolls": 1,
      "entries": [
        {
          "type": "minecraft:item",
          "name": "minecraft:fishing_rod",
          "functions": [
            {
              "function": "minecraft:set_components",
              "components": {

                "custom_model_data": 47012,

                "custom_data": {
                  "SpellboundItem": 1,
                  "FireStaff": 1
                },
                
                
                "max_damage": 250,
              
               "attribute_modifiers": {"modifiers":[]},
 "item_name": "{\"translate\":\"Fire Staff\",\"color\":\"#ff371c\",\"italic\":false}",
 "custom_name": "{\"translate\":\"Fire Staff\",\"color\":\"#ff371c\",\"italic\":false}",

                "lore": ["[ {\"translate\":\"Grindstone Repair: \",\"color\":\"gray\",\"italic\": false}]","[{\"translate\":\"  \",\"color\":\"gray\",\"italic\": false},{\"color\":\"blue\",\"italic\": false,\"translate\":\"item.minecraft.fishing_rod\"}]","{\"translate\":\"Spellbound Weapons\",\"color\":\"#676e75\",\"italic\": true}"]
                

               
              }
            }
          ]
        }
      ]
    }
  ]
}
