{
    "pools": [
      {
        "rolls": 1,
        "entries": [
          {
            "type": "minecraft:item",
            "name": "minecraft:iron_axe",
            "functions": [
              {
                "function": "minecraft:set_components",
                "components": {

                  "custom_model_data": 47016,

                  "custom_data": {
                    "SpellboundItem": 1,
                    "SpellboundMegaHammer": 1
                  },
                
                  "max_damage": 800,
                 "attribute_modifiers": {"modifiers":[]},
 "item_name": "{\"translate\":\"Mega Hammer\",\"color\":\"yellow\",\"italic\":false}",
 "custom_name": "{\"translate\":\"Mega Hammer\",\"color\":\"yellow\",\"italic\":false}",

                  "lore": ["[ {\"translate\":\"Grindstone Repair: \",\"color\":\"gray\",\"italic\": false}]","[{\"translate\":\"  \",\"color\":\"gray\",\"italic\": false},{\"color\":\"blue\",\"italic\": false,\"translate\":\"item.minecraft.iron_axe\"}]","{\"translate\":\"Spellbound Weapons\",\"color\":\"#676e75\",\"italic\": true}"]
                  

                 
                }
              }
            ]
          }
        ]
      }
    ]
  }
  