{
  "type": "minecraft:crafting_shaped",
  "category": "equipment",
  "pattern": [
    "#g#",
    "KbK",
    "#2#"
  ],
  "key": {
    "2": "minecraft:ender_pearl",
    "#": "minecraft:amethyst_shard",
    "b": "minecraft:iron_sword",
    "K": "minecraft:diamond",
    "g": "minecraft:golden_apple"
    
  },
  "result": {
    "id": "minecraft:diamond_sword",
    "components": {

                  "custom_model_data": {"floats":[47046]},
                  
                  "minecraft:attribute_modifiers":
                  
                  [
                    {
                      
                      "type": "minecraft:attack_damage",
                      "amount": 6.5,
                      "operation": "add_value",
                      "id": "base_attack_damage",
                      "slot": "mainhand"
                    }
                  ,
                    {
                      "type": "minecraft:attack_speed",
                      "amount": -2.8,
                      "operation": "add_value",
                      "id": "base_attack_speed",
                      "slot": "mainhand"
                    }
                  ]
                  ,
               

                  "custom_data": {
                    "SpellboundItem": 1,
                    "SpellboundMoonlightEdge": 1
                  },
                  
                  "enchantment_glint_override": true,
                
 "item_name": "{\"translate\":\"Moonlight Edge\",\"color\":\"#9d64ed\",\"italic\":false}",

                  "lore": ["[ {\"translate\":\"Grindstone Repair: \",\"color\":\"gray\",\"italic\": false}]","[{\"translate\":\"  \",\"color\":\"gray\",\"italic\": false},{\"color\":\"blue\",\"italic\": false,\"translate\":\"item.minecraft.diamond_sword\"}]","{\"translate\":\"Spellbound Weapons\",\"color\":\"#676e75\",\"italic\": true}"]
                  

                 
                }
  }
}
