[
  {
    "function": "minecraft:set_attributes",
    "modifiers": []
  },
 



  {
    "function": "minecraft:set_attributes",
    "modifiers": [
      {
        "id": "base_attack_damage",
        "attribute": "minecraft:generic.attack_damage",
        "amount": 4.5,
        "operation": "add_value",
        "slot": "mainhand"
      },
      {
        "id": "base_attack_speed",
        "attribute": "minecraft:generic.attack_speed",
        "amount": -2.15,
        "operation": "add_value",
        "slot": "mainhand"
      }
    ],
    "conditions": [
      {
        "condition": "minecraft:entity_properties",
        "entity": "this",
        "predicate": {}
      }
    ]
  },
  {
    "function": "minecraft:set_attributes",
    "modifiers": [
      {
        "id": "base_attack_damage",
        "attribute": "minecraft:generic.attack_damage",
        "amount": 5.5,
        "operation": "add_value",
        "slot": "mainhand"
      },
      {
        "id": "base_attack_speed",
        "attribute": "minecraft:generic.attack_speed",
        "amount": -2.15,
        "operation": "add_value",
        "slot": "mainhand"
      }
    ],
    "conditions": [
      {
        "condition": "minecraft:reference",
        "name": "spellbound_weapons:holding/weapon/dagger_diamond"
      }
    ]
  }
]
