{
    "pools": [
      {
        "rolls": 1,
        "entries": [
          {
            "type": "minecraft:item",
            "name": "minecraft:iron_shovel",
            "functions": [
              {
                "function": "minecraft:set_components",
                "components": {

                  "custom_model_data": {
                                  "floats": [47018]},
                  "max_damage": 350,

                  "custom_data": {
                    "SpellboundItem": 1,
                    "SpellboundDagger": 1
                  },
                
                 "attribute_modifiers": {"modifiers":[]},
 "item_name": "{\"translate\":\"Dagger\",\"color\":\"#abd9b2\",\"italic\":false}",

                  "lore": ["{\"translate\":\"Variant: Iron-Plated\",\"color\":\"gray\",\"italic\":false}","[ {\"translate\":\"Grindstone Repair: \",\"color\":\"gray\",\"italic\": false}]","[{\"translate\":\"  \",\"color\":\"gray\",\"italic\": false},{\"color\":\"blue\",\"italic\": false,\"translate\":\"item.minecraft.iron_shovel\"}]","{\"translate\":\"Spellbound Weapons\",\"color\":\"#676e75\",\"italic\": true}"]
                  

                 
                }
              }
            ]
          }
        ]
      }
    ]
  }
  