{
  "pools": [
    {
      "rolls": 1,
      "entries": [
        {
          "type": "minecraft:item",
          "name": "minecraft:diamond_sword",
          "functions": [
            {
              "function": "minecraft:set_components",
              "components": {
                "max_damage": 1600,
                "custom_model_data": { "floats": [47014]},
                "custom_data": {
                  "SpellboundItem": 1,
                  "SpellboundWindsweptSword": 1
                },
                "attribute_modifiers": {
                  "modifiers": []
                },
                "item_name": "{\"translate\":\"Windsweeper\",\"color\":\"#e1e8a5\",\"italic\":false}",
                "lore": [
                  "[ {\"translate\":\"Grindstone Repair: \",\"color\":\"gray\",\"italic\": false}]","[{\"translate\":\"  \",\"color\":\"gray\",\"italic\": false},{\"color\":\"blue\",\"italic\": false,\"translate\":\"item.minecraft.diamond_sword\"}]",
                  "{\"translate\":\"Spellbound Weapons\",\"color\":\"#676e75\",\"italic\": true}"
                ]
              }
            }
          ]
        }
      ]
    }
  ]
}