{
  "condition": "minecraft:any_of",
  "terms": [
    {
      "condition": "minecraft:reference",
      "name": "spellbound_weapons:holding/enchant/efficency1"
    },
    {
      "condition": "minecraft:reference",
      "name": "spellbound_weapons:holding/enchant/efficency2"
    },
    {
      "condition": "minecraft:reference",
      "name": "spellbound_weapons:holding/enchant/efficency3"
    },
    {
      "condition": "minecraft:reference",
      "name": "spellbound_weapons:holding/enchant/efficency4"
    },
    {
      "condition": "minecraft:reference",
      "name": "spellbound_weapons:holding/enchant/efficency5"
    }
  ]
}



  