[
  

  {
    "function": "minecraft:set_attributes",
    "modifiers": []
  },

  {
    "function": "minecraft:set_attributes",
    "modifiers": [
      {
        "attribute": "minecraft:generic.attack_damage",
        "amount": 6,
        "operation": "add_value",
        "id": "base_attack_damage",
        "slot": "mainhand"
      }
    ,
      {
        "attribute": "minecraft:generic.attack_speed",
        "amount": -2.5,
        "operation": "add_value",
        "id": "base_attack_speed",
        "slot": "mainhand"
      }
    ]
  }
]
